epoch,capsnet_accuracy,capsnet_loss,decoder_loss,loss,val_capsnet_accuracy,val_capsnet_loss,val_decoder_loss,val_loss
0,0.664355456829071,0.17672547698020935,48507068.0,19014832.0,0.7672250270843506,0.13946357369422913,39976800.0,15670881.0
1,0.7738664150238037,0.13619032502174377,48507224.0,19014798.0,0.7828531265258789,0.13149204850196838,39976800.0,15670881.0
2,0.787528932094574,0.12902814149856567,48507064.0,19014780.0,0.7903344035148621,0.1274019479751587,39976800.0,15670881.0
3,0.7952156066894531,0.12500089406967163,48507128.0,19014802.0,0.7953468561172485,0.12569840252399445,39976800.0,15670881.0
4,0.8010562658309937,0.1220490112900734,48507068.0,19014924.0,0.797684371471405,0.12335136532783508,39976800.0,15670881.0
