epoch,capsnet_accuracy,capsnet_loss,decoder_loss,loss,val_capsnet_accuracy,val_capsnet_loss,val_decoder_loss,val_loss
0,0.6578195095062256,0.17861883342266083,48507112.0,19014846.0,0.7627687454223633,0.14111891388893127,39976800.0,15670881.0
1,0.7768203020095825,0.13423696160316467,48507324.0,19014758.0,0.7853468656539917,0.12934188544750214,39976800.0,15670881.0
2,0.7965140342712402,0.1239975318312645,48507180.0,19014754.0,0.7878312468528748,0.1281268447637558,39976800.0,15670881.0
3,0.8119046688079834,0.11620964109897614,48507224.0,19014788.0,0.7978781461715698,0.12329497933387756,39976800.0,15670881.0
4,0.8277929425239563,0.1079392358660698,48507120.0,19014812.0,0.7968624830245972,0.12525641918182373,39976800.0,15670881.0
